{
  "Default": {
    "Client": "SignalR",
    "Source": {
      "Repository": "https://github.com/aspnet/SignalR.git",
      "BranchOrCommit": "dev",
      "Project": "benchmarkapps/BenchmarkServer/BenchmarkServer.csproj"
    },
    "Connections": 10,
    "Duration": 20,
    "Warmup": 2,
    "Path": "/echo"
  },
  "SignalRBroadcast": {
    "ClientProperties": { "Scenario": "broadcast" }
  },
  "SignalREcho": {
    "ClientProperties": { "Scenario": "echo" }
  },
  "SignalREchoAll": {
    "ClientProperties": { "Scenario": "echoAll" }
  }
}
