﻿[
	{
		"countryCode": "AD",
		"countryName": "Andorra",
		"currencyCode": "EUR",
		"population": "84000",
		"capital": "Andorra la Vella",
		"continentName": "Europe",
		"continent": "EU",
		"areaInSqKm": "468.0",
		"languages": "ca",
		"geonameId": "3041565"
	},
	{
		"countryCode": "AE",
		"countryName": "United Arab Emirates",
		"currencyCode": "AED",
		"population": "4975593",
		"capital": "Abu Dhabi",
		"continentName": "Asia",
		"continent": "AS",
		"areaInSqKm": "82880.0",
		"languages": "ar-AE,fa,en,hi,ur",
		"geonameId": "290557"
	},
	{
		"countryCode": "AF",
		"countryName": "Afghanistan",
		"currencyCode": "AFN",
		"population": "29121286",
		"capital": "Kabul",
		"continentName": "Asia",
		"continent": "AS",
		"areaInSqKm": "647500.0",
		"languages": "fa-AF,ps,uz-AF,tk",
		"geonameId": "1149361"
	},
	{
		"countryCode": "AG",
		"countryName": "Antigua and Barbuda",
		"currencyCode": "XCD",
		"population": "86754",
		"capital": "St. John's",
		"continentName": "North America",
		"continent": "NA",
		"areaInSqKm": "443.0",
		"languages": "en-AG",
		"geonameId": "3576396"
	},
	{
		"countryCode": "AI",
		"countryName": "Anguilla",
		"currencyCode": "XCD",
		"population": "13254",
		"capital": "The Valley",
		"continentName": "North America",
		"continent": "NA",
		"areaInSqKm": "102.0",
		"languages": "en-AI",
		"geonameId": "3573511"
	},
	{
		"countryCode": "AL",
		"countryName": "Albania",
		"currencyCode": "ALL",
		"population": "2986952",
		"capital": "Tirana",
		"continentName": "Europe",
		"continent": "EU",
		"areaInSqKm": "28748.0",
		"languages": "sq,el",
		"geonameId": "783754"
	},
	{
		"countryCode": "AM",
		"countryName": "Armenia",
		"currencyCode": "AMD",
		"population": "2968000",
		"capital": "Yerevan",
		"continentName": "Asia",
		"continent": "AS",
		"areaInSqKm": "29800.0",
		"languages": "hy",
		"geonameId": "174982"
	},
	{
		"countryCode": "AO",
		"countryName": "Angola",
		"currencyCode": "AOA",
		"population": "13068161",
		"capital": "Luanda",
		"continentName": "Africa",
		"continent": "AF",
		"areaInSqKm": "1246700.0",
		"languages": "pt-AO",
		"geonameId": "3351879"
	},
	{
		"countryCode": "AQ",
		"countryName": "Antarctica",
		"currencyCode": "",
		"population": "0",
		"capital": "",
		"continentName": "Antarctica",
		"continent": "AN",
		"areaInSqKm": "1.4E7",
		"languages": "",
		"geonameId": "6697173"
	},
	{
		"countryCode": "AR",
		"countryName": "Argentina",
		"currencyCode": "ARS",
		"population": "41343201",
		"capital": "Buenos Aires",
		"continentName": "South America",
		"continent": "SA",
		"areaInSqKm": "2766890.0",
		"languages": "es-AR,en,it,de,fr,gn",
		"geonameId": "3865483"
	},
	{
		"countryCode": "AS",
		"countryName": "American Samoa",
		"currencyCode": "USD",
		"population": "57881",
		"capital": "Pago Pago",
		"continentName": "Oceania",
		"continent": "OC",
		"areaInSqKm": "199.0",
		"languages": "en-AS,sm,to",
		"geonameId": "5880801"
	},
	{
		"countryCode": "AT",
		"countryName": "Austria",
		"currencyCode": "EUR",
		"population": "8205000",
		"capital": "Vienna",
		"continentName": "Europe",
		"continent": "EU",
		"areaInSqKm": "83858.0",
		"languages": "de-AT,hr,hu,sl",
		"geonameId": "2782113"
	},
	{
		"countryCode": "AU",
		"countryName": "Australia",
		"currencyCode": "AUD",
		"population": "21515754",
		"capital": "Canberra",
		"continentName": "Oceania",
		"continent": "OC",
		"areaInSqKm": "7686850.0",
		"languages": "en-AU",
		"geonameId": "2077456"
	},
	{
		"countryCode": "AW",
		"countryName": "Aruba",
		"currencyCode": "AWG",
		"population": "71566",
		"capital": "Oranjestad",
		"continentName": "North America",
		"continent": "NA",
		"areaInSqKm": "193.0",
		"languages": "nl-AW,es,en",
		"geonameId": "3577279"
	},
	{
		"countryCode": "AX",
		"countryName": "Aland",
		"currencyCode": "EUR",
		"population": "26711",
		"capital": "Mariehamn",
		"continentName": "Europe",
		"continent": "EU",
		"areaInSqKm": "1580.0",
		"languages": "sv-AX",
		"geonameId": "661882"
	},
	{
		"countryCode": "AZ",
		"countryName": "Azerbaijan",
		"currencyCode": "AZN",
		"population": "8303512",
		"capital": "Baku",
		"continentName": "Asia",
		"continent": "AS",
		"areaInSqKm": "86600.0",
		"languages": "az,ru,hy",
		"geonameId": "587116"
	},
	{
		"countryCode": "BA",
		"countryName": "Bosnia and Herzegovina",
		"currencyCode": "BAM",
		"population": "4590000",
		"capital": "Sarajevo",
		"continentName": "Europe",
		"continent": "EU",
		"areaInSqKm": "51129.0",
		"languages": "bs,hr-BA,sr-BA",
		"geonameId": "3277605"
	},
	{
		"countryCode": "BB",
		"countryName": "Barbados",
		"currencyCode": "BBD",
		"population": "285653",
		"capital": "Bridgetown",
		"continentName": "North America",
		"continent": "NA",
		"areaInSqKm": "431.0",
		"languages": "en-BB",
		"geonameId": "3374084"
	},
	{
		"countryCode": "BD",
		"countryName": "Bangladesh",
		"currencyCode": "BDT",
		"population": "156118464",
		"capital": "Dhaka",
		"continentName": "Asia",
		"continent": "AS",
		"areaInSqKm": "144000.0",
		"languages": "bn-BD,en",
		"geonameId": "1210997"
	},
	{
		"countryCode": "BE",
		"countryName": "Belgium",
		"currencyCode": "EUR",
		"population": "10403000",
		"capital": "Brussels",
		"continentName": "Europe",
		"continent": "EU",
		"areaInSqKm": "30510.0",
		"languages": "nl-BE,fr-BE,de-BE",
		"geonameId": "2802361"
	},
	{
		"countryCode": "BF",
		"countryName": "Burkina Faso",
		"currencyCode": "XOF",
		"population": "16241811",
		"capital": "Ouagadougou",
		"continentName": "Africa",
		"continent": "AF",
		"areaInSqKm": "274200.0",
		"languages": "fr-BF",
		"geonameId": "2361809"
	},
	{
		"countryCode": "BG",
		"countryName": "Bulgaria",
		"currencyCode": "BGN",
		"population": "7148785",
		"capital": "Sofia",
		"continentName": "Europe",
		"continent": "EU",
		"areaInSqKm": "110910.0",
		"languages": "bg,tr-BG,rom",
		"geonameId": "732800"
	},
	{
		"countryCode": "BH",
		"countryName": "Bahrain",
		"currencyCode": "BHD",
		"population": "738004",
		"capital": "Manama",
		"continentName": "Asia",
		"continent": "AS",
		"areaInSqKm": "665.0",
		"languages": "ar-BH,en,fa,ur",
		"geonameId": "290291"
	},
	{
		"countryCode": "BI",
		"countryName": "Burundi",
		"currencyCode": "BIF",
		"population": "9863117",
		"capital": "Bujumbura",
		"continentName": "Africa",
		"continent": "AF",
		"areaInSqKm": "27830.0",
		"languages": "fr-BI,rn",
		"geonameId": "433561"
	},
	{
		"countryCode": "BJ",
		"countryName": "Benin",
		"currencyCode": "XOF",
		"population": "9056010",
		"capital": "Porto-Novo",
		"continentName": "Africa",
		"continent": "AF",
		"areaInSqKm": "112620.0",
		"languages": "fr-BJ",
		"geonameId": "2395170"
	},
	{
		"countryCode": "BL",
		"countryName": "Saint Barthélemy",
		"currencyCode": "EUR",
		"population": "8450",
		"capital": "Gustavia",
		"continentName": "North America",
		"continent": "NA",
		"areaInSqKm": "21.0",
		"languages": "fr",
		"geonameId": "3578476"
	},
	{
		"countryCode": "BM",
		"countryName": "Bermuda",
		"currencyCode": "BMD",
		"population": "65365",
		"capital": "Hamilton",
		"continentName": "North America",
		"continent": "NA",
		"areaInSqKm": "53.0",
		"languages": "en-BM,pt",
		"geonameId": "3573345"
	},
	{
		"countryCode": "BN",
		"countryName": "Brunei",
		"currencyCode": "BND",
		"population": "395027",
		"capital": "Bandar Seri Begawan",
		"continentName": "Asia",
		"continent": "AS",
		"areaInSqKm": "5770.0",
		"languages": "ms-BN,en-BN",
		"geonameId": "1820814"
	},
	{
		"countryCode": "BO",
		"countryName": "Bolivia",
		"currencyCode": "BOB",
		"population": "9947418",
		"capital": "Sucre",
		"continentName": "South America",
		"continent": "SA",
		"areaInSqKm": "1098580.0",
		"languages": "es-BO,qu,ay",
		"geonameId": "3923057"
	},
	{
		"countryCode": "BQ",
		"countryName": "Bonaire",
		"currencyCode": "USD",
		"population": "18012",
		"capital": "",
		"continentName": "North America",
		"continent": "NA",
		"areaInSqKm": "328.0",
		"languages": "nl,pap,en",
		"geonameId": "7626844"
	},
	{
		"countryCode": "BR",
		"countryName": "Brazil",
		"currencyCode": "BRL",
		"population": "201103330",
		"capital": "Brasília",
		"continentName": "South America",
		"continent": "SA",
		"areaInSqKm": "8511965.0",
		"languages": "pt-BR,es,en,fr",
		"geonameId": "3469034"
	},
	{
		"countryCode": "BS",
		"countryName": "Bahamas",
		"currencyCode": "BSD",
		"population": "301790",
		"capital": "Nassau",
		"continentName": "North America",
		"continent": "NA",
		"areaInSqKm": "13940.0",
		"languages": "en-BS",
		"geonameId": "3572887"
	},
	{
		"countryCode": "BT",
		"countryName": "Bhutan",
		"currencyCode": "BTN",
		"population": "699847",
		"capital": "Thimphu",
		"continentName": "Asia",
		"continent": "AS",
		"areaInSqKm": "47000.0",
		"languages": "dz",
		"geonameId": "1252634"
	},
	{
		"countryCode": "BV",
		"countryName": "Bouvet Island",
		"currencyCode": "NOK",
		"population": "0",
		"capital": "",
		"continentName": "Antarctica",
		"continent": "AN",
		"areaInSqKm": "49.0",
		"languages": "",
		"geonameId": "3371123"
	},
	{
		"countryCode": "BW",
		"countryName": "Botswana",
		"currencyCode": "BWP",
		"population": "2029307",
		"capital": "Gaborone",
		"continentName": "Africa",
		"continent": "AF",
		"areaInSqKm": "600370.0",
		"languages": "en-BW,tn-BW",
		"geonameId": "933860"
	},
	{
		"countryCode": "BY",
		"countryName": "Belarus",
		"currencyCode": "BYR",
		"population": "9685000",
		"capital": "Minsk",
		"continentName": "Europe",
		"continent": "EU",
		"areaInSqKm": "207600.0",
		"languages": "be,ru",
		"geonameId": "630336"
	},
	{
		"countryCode": "BZ",
		"countryName": "Belize",
		"currencyCode": "BZD",
		"population": "314522",
		"capital": "Belmopan",
		"continentName": "North America",
		"continent": "NA",
		"areaInSqKm": "22966.0",
		"languages": "en-BZ,es",
		"geonameId": "3582678"
	},
	{
		"countryCode": "CA",
		"countryName": "Canada",
		"currencyCode": "CAD",
		"population": "33679000",
		"capital": "Ottawa",
		"continentName": "North America",
		"continent": "NA",
		"areaInSqKm": "9984670.0",
		"languages": "en-CA,fr-CA,iu",
		"geonameId": "6251999"
	},
	{
		"countryCode": "CC",
		"countryName": "Cocos [Keeling] Islands",
		"currencyCode": "AUD",
		"population": "628",
		"capital": "West Island",
		"continentName": "Asia",
		"continent": "AS",
		"areaInSqKm": "14.0",
		"languages": "ms-CC,en",
		"geonameId": "1547376"
	},
	{
		"countryCode": "CD",
		"countryName": "Democratic Republic of the Congo",
		"currencyCode": "CDF",
		"population": "70916439",
		"capital": "Kinshasa",
		"continentName": "Africa",
		"continent": "AF",
		"areaInSqKm": "2345410.0",
		"languages": "fr-CD,ln,kg",
		"geonameId": "203312"
	},
	{
		"countryCode": "CF",
		"countryName": "Central African Republic",
		"currencyCode": "XAF",
		"population": "4844927",
		"capital": "Bangui",
		"continentName": "Africa",
		"continent": "AF",
		"areaInSqKm": "622984.0",
		"languages": "fr-CF,sg,ln,kg",
		"geonameId": "239880"
	},
	{
		"countryCode": "CG",
		"countryName": "Republic of the Congo",
		"currencyCode": "XAF",
		"population": "3039126",
		"capital": "Brazzaville",
		"continentName": "Africa",
		"continent": "AF",
		"areaInSqKm": "342000.0",
		"languages": "fr-CG,kg,ln-CG",
		"geonameId": "2260494"
	},
	{
		"countryCode": "CH",
		"countryName": "Switzerland",
		"currencyCode": "CHF",
		"population": "7581000",
		"capital": "Berne",
		"continentName": "Europe",
		"continent": "EU",
		"areaInSqKm": "41290.0",
		"languages": "de-CH,fr-CH,it-CH,rm",
		"geonameId": "2658434"
	},
	{
		"countryCode": "CI",
		"countryName": "Ivory Coast",
		"currencyCode": "XOF",
		"population": "21058798",
		"capital": "Yamoussoukro",
		"continentName": "Africa",
		"continent": "AF",
		"areaInSqKm": "322460.0",
		"languages": "fr-CI",
		"geonameId": "2287781"
	},
	{
		"countryCode": "CK",
		"countryName": "Cook Islands",
		"currencyCode": "NZD",
		"population": "21388",
		"capital": "Avarua",
		"continentName": "Oceania",
		"continent": "OC",
		"areaInSqKm": "240.0",
		"languages": "en-CK,mi",
		"geonameId": "1899402"
	},
	{
		"countryCode": "CL",
		"countryName": "Chile",
		"currencyCode": "CLP",
		"population": "16746491",
		"capital": "Santiago",
		"continentName": "South America",
		"continent": "SA",
		"areaInSqKm": "756950.0",
		"languages": "es-CL",
		"geonameId": "3895114"
	},
	{
		"countryCode": "CM",
		"countryName": "Cameroon",
		"currencyCode": "XAF",
		"population": "19294149",
		"capital": "Yaoundé",
		"continentName": "Africa",
		"continent": "AF",
		"areaInSqKm": "475440.0",
		"languages": "en-CM,fr-CM",
		"geonameId": "2233387"
	},
	{
		"countryCode": "CN",
		"countryName": "China",
		"currencyCode": "CNY",
		"population": "1330044000",
		"capital": "Beijing",
		"continentName": "Asia",
		"continent": "AS",
		"areaInSqKm": "9596960.0",
		"languages": "zh-CN,yue,wuu,dta,ug,za",
		"geonameId": "1814991"
	},
	{
		"countryCode": "CO",
		"countryName": "Colombia",
		"currencyCode": "COP",
		"population": "47790000",
		"capital": "Bogotá",
		"continentName": "South America",
		"continent": "SA",
		"areaInSqKm": "1138910.0",
		"languages": "es-CO",
		"geonameId": "3686110"
	},
	{
		"countryCode": "CR",
		"countryName": "Costa Rica",
		"currencyCode": "CRC",
		"population": "4516220",
		"capital": "San José",
		"continentName": "North America",
		"continent": "NA",
		"areaInSqKm": "51100.0",
		"languages": "es-CR,en",
		"geonameId": "3624060"
	},
	{
		"countryCode": "CU",
		"countryName": "Cuba",
		"currencyCode": "CUP",
		"population": "11423000",
		"capital": "Havana",
		"continentName": "North America",
		"continent": "NA",
		"areaInSqKm": "110860.0",
		"languages": "es-CU",
		"geonameId": "3562981"
	},
	{
		"countryCode": "CV",
		"countryName": "Cape Verde",
		"currencyCode": "CVE",
		"population": "508659",
		"capital": "Praia",
		"continentName": "Africa",
		"continent": "AF",
		"areaInSqKm": "4033.0",
		"languages": "pt-CV",
		"geonameId": "3374766"
	},
	{
		"countryCode": "CW",
		"countryName": "Curacao",
		"currencyCode": "ANG",
		"population": "141766",
		"capital": "Willemstad",
		"continentName": "North America",
		"continent": "NA",
		"areaInSqKm": "444.0",
		"languages": "nl,pap",
		"geonameId": "7626836"
	},
	{
		"countryCode": "CX",
		"countryName": "Christmas Island",
		"currencyCode": "AUD",
		"population": "1500",
		"capital": "The Settlement",
		"continentName": "Asia",
		"continent": "AS",
		"areaInSqKm": "135.0",
		"languages": "en,zh,ms-CC",
		"geonameId": "2078138"
	},
	{
		"countryCode": "CY",
		"countryName": "Cyprus",
		"currencyCode": "EUR",
		"population": "1102677",
		"capital": "Nicosia",
		"continentName": "Europe",
		"continent": "EU",
		"areaInSqKm": "9250.0",
		"languages": "el-CY,tr-CY,en",
		"geonameId": "146669"
	},
	{
		"countryCode": "CZ",
		"countryName": "Czech Republic",
		"currencyCode": "CZK",
		"population": "10476000",
		"capital": "Prague",
		"continentName": "Europe",
		"continent": "EU",
		"areaInSqKm": "78866.0",
		"languages": "cs,sk",
		"geonameId": "3077311"
	},
	{
		"countryCode": "DE",
		"countryName": "Germany",
		"currencyCode": "EUR",
		"population": "81802257",
		"capital": "Berlin",
		"continentName": "Europe",
		"continent": "EU",
		"areaInSqKm": "357021.0",
		"languages": "de",
		"geonameId": "2921044"
	},
	{
		"countryCode": "DJ",
		"countryName": "Djibouti",
		"currencyCode": "DJF",
		"population": "740528",
		"capital": "Djibouti",
		"continentName": "Africa",
		"continent": "AF",
		"areaInSqKm": "23000.0",
		"languages": "fr-DJ,ar,so-DJ,aa",
		"geonameId": "223816"
	},
	{
		"countryCode": "DK",
		"countryName": "Denmark",
		"currencyCode": "DKK",
		"population": "5484000",
		"capital": "Copenhagen",
		"continentName": "Europe",
		"continent": "EU",
		"areaInSqKm": "43094.0",
		"languages": "da-DK,en,fo,de-DK",
		"geonameId": "2623032"
	},
	{
		"countryCode": "DM",
		"countryName": "Dominica",
		"currencyCode": "XCD",
		"population": "72813",
		"capital": "Roseau",
		"continentName": "North America",
		"continent": "NA",
		"areaInSqKm": "754.0",
		"languages": "en-DM",
		"geonameId": "3575830"
	},
	{
		"countryCode": "DO",
		"countryName": "Dominican Republic",
		"currencyCode": "DOP",
		"population": "9823821",
		"capital": "Santo Domingo",
		"continentName": "North America",
		"continent": "NA",
		"areaInSqKm": "48730.0",
		"languages": "es-DO",
		"geonameId": "3508796"
	},
	{
		"countryCode": "DZ",
		"countryName": "Algeria",
		"currencyCode": "DZD",
		"population": "34586184",
		"capital": "Algiers",
		"continentName": "Africa",
		"continent": "AF",
		"areaInSqKm": "2381740.0",
		"languages": "ar-DZ",
		"geonameId": "2589581"
	},
	{
		"countryCode": "EC",
		"countryName": "Ecuador",
		"currencyCode": "USD",
		"population": "14790608",
		"capital": "Quito",
		"continentName": "South America",
		"continent": "SA",
		"areaInSqKm": "283560.0",
		"languages": "es-EC",
		"geonameId": "3658394"
	},
	{
		"countryCode": "EE",
		"countryName": "Estonia",
		"currencyCode": "EUR",
		"population": "1291170",
		"capital": "Tallinn",
		"continentName": "Europe",
		"continent": "EU",
		"areaInSqKm": "45226.0",
		"languages": "et,ru",
		"geonameId": "453733"
	},
	{
		"countryCode": "EG",
		"countryName": "Egypt",
		"currencyCode": "EGP",
		"population": "80471869",
		"capital": "Cairo",
		"continentName": "Africa",
		"continent": "AF",
		"areaInSqKm": "1001450.0",
		"languages": "ar-EG,en,fr",
		"geonameId": "357994"
	},
	{
		"countryCode": "ER",
		"countryName": "Eritrea",
		"currencyCode": "ERN",
		"population": "5792984",
		"capital": "Asmara",
		"continentName": "Africa",
		"continent": "AF",
		"areaInSqKm": "121320.0",
		"languages": "aa-ER,ar,tig,kun,ti-ER",
		"geonameId": "338010"
	},
	{
		"countryCode": "ES",
		"countryName": "Spain",
		"currencyCode": "EUR",
		"population": "46505963",
		"capital": "Madrid",
		"continentName": "Europe",
		"continent": "EU",
		"areaInSqKm": "504782.0",
		"languages": "es-ES,ca,gl,eu,oc",
		"geonameId": "2510769"
	},
	{
		"countryCode": "ET",
		"countryName": "Ethiopia",
		"currencyCode": "ETB",
		"population": "88013491",
		"capital": "Addis Ababa",
		"continentName": "Africa",
		"continent": "AF",
		"areaInSqKm": "1127127.0",
		"languages": "am,en-ET,om-ET,ti-ET,so-ET,sid",
		"geonameId": "337996"
	},
	{
		"countryCode": "FI",
		"countryName": "Finland",
		"currencyCode": "EUR",
		"population": "5244000",
		"capital": "Helsinki",
		"continentName": "Europe",
		"continent": "EU",
		"areaInSqKm": "337030.0",
		"languages": "fi-FI,sv-FI,smn",
		"geonameId": "660013"
	},
	{
		"countryCode": "FJ",
		"countryName": "Fiji",
		"currencyCode": "FJD",
		"population": "875983",
		"capital": "Suva",
		"continentName": "Oceania",
		"continent": "OC",
		"areaInSqKm": "18270.0",
		"languages": "en-FJ,fj",
		"geonameId": "2205218"
	},
	{
		"countryCode": "FK",
		"countryName": "Falkland Islands",
		"currencyCode": "FKP",
		"population": "2638",
		"capital": "Stanley",
		"continentName": "South America",
		"continent": "SA",
		"areaInSqKm": "12173.0",
		"languages": "en-FK",
		"geonameId": "3474414"
	},
	{
		"countryCode": "FM",
		"countryName": "Micronesia",
		"currencyCode": "USD",
		"population": "107708",
		"capital": "Palikir",
		"continentName": "Oceania",
		"continent": "OC",
		"areaInSqKm": "702.0",
		"languages": "en-FM,chk,pon,yap,kos,uli,woe,nkr,kpg",
		"geonameId": "2081918"
	},
	{
		"countryCode": "FO",
		"countryName": "Faroe Islands",
		"currencyCode": "DKK",
		"population": "48228",
		"capital": "Tórshavn",
		"continentName": "Europe",
		"continent": "EU",
		"areaInSqKm": "1399.0",
		"languages": "fo,da-FO",
		"geonameId": "2622320"
	},
	{
		"countryCode": "FR",
		"countryName": "France",
		"currencyCode": "EUR",
		"population": "64768389",
		"capital": "Paris",
		"continentName": "Europe",
		"continent": "EU",
		"areaInSqKm": "547030.0",
		"languages": "fr-FR,frp,br,co,ca,eu,oc",
		"geonameId": "3017382"
	},
	{
		"countryCode": "GA",
		"countryName": "Gabon",
		"currencyCode": "XAF",
		"population": "1545255",
		"capital": "Libreville",
		"continentName": "Africa",
		"continent": "AF",
		"areaInSqKm": "267667.0",
		"languages": "fr-GA",
		"geonameId": "2400553"
	},
	{
		"countryCode": "GB",
		"countryName": "United Kingdom",
		"currencyCode": "GBP",
		"population": "62348447",
		"capital": "London",
		"continentName": "Europe",
		"continent": "EU",
		"areaInSqKm": "244820.0",
		"languages": "en-GB,cy-GB,gd",
		"geonameId": "2635167"
	},
	{
		"countryCode": "GD",
		"countryName": "Grenada",
		"currencyCode": "XCD",
		"population": "107818",
		"capital": "St. George's",
		"continentName": "North America",
		"continent": "NA",
		"areaInSqKm": "344.0",
		"languages": "en-GD",
		"geonameId": "3580239"
	},
	{
		"countryCode": "GE",
		"countryName": "Georgia",
		"currencyCode": "GEL",
		"population": "4630000",
		"capital": "Tbilisi",
		"continentName": "Asia",
		"continent": "AS",
		"areaInSqKm": "69700.0",
		"languages": "ka,ru,hy,az",
		"geonameId": "614540"
	},
	{
		"countryCode": "GF",
		"countryName": "French Guiana",
		"currencyCode": "EUR",
		"population": "195506",
		"capital": "Cayenne",
		"continentName": "South America",
		"continent": "SA",
		"areaInSqKm": "91000.0",
		"languages": "fr-GF",
		"geonameId": "3381670"
	},
	{
		"countryCode": "GG",
		"countryName": "Guernsey",
		"currencyCode": "GBP",
		"population": "65228",
		"capital": "St Peter Port",
		"continentName": "Europe",
		"continent": "EU",
		"areaInSqKm": "78.0",
		"languages": "en,fr",
		"geonameId": "3042362"
	},
	{
		"countryCode": "GH",
		"countryName": "Ghana",
		"currencyCode": "GHS",
		"population": "24339838",
		"capital": "Accra",
		"continentName": "Africa",
		"continent": "AF",
		"areaInSqKm": "239460.0",
		"languages": "en-GH,ak,ee,tw",
		"geonameId": "2300660"
	},
	{
		"countryCode": "GI",
		"countryName": "Gibraltar",
		"currencyCode": "GIP",
		"population": "27884",
		"capital": "Gibraltar",
		"continentName": "Europe",
		"continent": "EU",
		"areaInSqKm": "6.5",
		"languages": "en-GI,es,it,pt",
		"geonameId": "2411586"
	},
	{
		"countryCode": "GL",
		"countryName": "Greenland",
		"currencyCode": "DKK",
		"population": "56375",
		"capital": "Nuuk",
		"continentName": "North America",
		"continent": "NA",
		"areaInSqKm": "2166086.0",
		"languages": "kl,da-GL,en",
		"geonameId": "3425505"
	},
	{
		"countryCode": "GM",
		"countryName": "Gambia",
		"currencyCode": "GMD",
		"population": "1593256",
		"capital": "Banjul",
		"continentName": "Africa",
		"continent": "AF",
		"areaInSqKm": "11300.0",
		"languages": "en-GM,mnk,wof,wo,ff",
		"geonameId": "2413451"
	},
	{
		"countryCode": "GN",
		"countryName": "Guinea",
		"currencyCode": "GNF",
		"population": "10324025",
		"capital": "Conakry",
		"continentName": "Africa",
		"continent": "AF",
		"areaInSqKm": "245857.0",
		"languages": "fr-GN",
		"geonameId": "2420477"
	},
	{
		"countryCode": "GP",
		"countryName": "Guadeloupe",
		"currencyCode": "EUR",
		"population": "443000",
		"capital": "Basse-Terre",
		"continentName": "North America",
		"continent": "NA",
		"areaInSqKm": "1780.0",
		"languages": "fr-GP",
		"geonameId": "3579143"
	},
	{
		"countryCode": "GQ",
		"countryName": "Equatorial Guinea",
		"currencyCode": "XAF",
		"population": "1014999",
		"capital": "Malabo",
		"continentName": "Africa",
		"continent": "AF",
		"areaInSqKm": "28051.0",
		"languages": "es-GQ,fr",
		"geonameId": "2309096"
	},
	{
		"countryCode": "GR",
		"countryName": "Greece",
		"currencyCode": "EUR",
		"population": "11000000",
		"capital": "Athens",
		"continentName": "Europe",
		"continent": "EU",
		"areaInSqKm": "131940.0",
		"languages": "el-GR,en,fr",
		"geonameId": "390903"
	},
	{
		"countryCode": "GS",
		"countryName": "South Georgia and the South Sandwich Islands",
		"currencyCode": "GBP",
		"population": "30",
		"capital": "Grytviken",
		"continentName": "Antarctica",
		"continent": "AN",
		"areaInSqKm": "3903.0",
		"languages": "en",
		"geonameId": "3474415"
	},
	{
		"countryCode": "GT",
		"countryName": "Guatemala",
		"currencyCode": "GTQ",
		"population": "13550440",
		"capital": "Guatemala City",
		"continentName": "North America",
		"continent": "NA",
		"areaInSqKm": "108890.0",
		"languages": "es-GT",
		"geonameId": "3595528"
	},
	{
		"countryCode": "GU",
		"countryName": "Guam",
		"currencyCode": "USD",
		"population": "159358",
		"capital": "Hagåtña",
		"continentName": "Oceania",
		"continent": "OC",
		"areaInSqKm": "549.0",
		"languages": "en-GU,ch-GU",
		"geonameId": "4043988"
	},
	{
		"countryCode": "GW",
		"countryName": "Guinea-Bissau",
		"currencyCode": "XOF",
		"population": "1565126",
		"capital": "Bissau",
		"continentName": "Africa",
		"continent": "AF",
		"areaInSqKm": "36120.0",
		"languages": "pt-GW,pov",
		"geonameId": "2372248"
	},
	{
		"countryCode": "GY",
		"countryName": "Guyana",
		"currencyCode": "GYD",
		"population": "748486",
		"capital": "Georgetown",
		"continentName": "South America",
		"continent": "SA",
		"areaInSqKm": "214970.0",
		"languages": "en-GY",
		"geonameId": "3378535"
	},
	{
		"countryCode": "HM",
		"countryName": "Heard Island and McDonald Islands",
		"currencyCode": "AUD",
		"population": "0",
		"capital": "",
		"continentName": "Antarctica",
		"continent": "AN",
		"areaInSqKm": "412.0",
		"languages": "",
		"geonameId": "1547314"
	},
	{
		"countryCode": "HN",
		"countryName": "Honduras",
		"currencyCode": "HNL",
		"population": "7989415",
		"capital": "Tegucigalpa",
		"continentName": "North America",
		"continent": "NA",
		"areaInSqKm": "112090.0",
		"languages": "es-HN",
		"geonameId": "3608932"
	},
	{
		"countryCode": "HR",
		"countryName": "Croatia",
		"currencyCode": "HRK",
		"population": "4491000",
		"capital": "Zagreb",
		"continentName": "Europe",
		"continent": "EU",
		"areaInSqKm": "56542.0",
		"languages": "hr-HR,sr",
		"geonameId": "3202326"
	},
	{
		"countryCode": "HT",
		"countryName": "Haiti",
		"currencyCode": "HTG",
		"population": "9648924",
		"capital": "Port-au-Prince",
		"continentName": "North America",
		"continent": "NA",
		"areaInSqKm": "27750.0",
		"languages": "ht,fr-HT",
		"geonameId": "3723988"
	},
	{
		"countryCode": "HU",
		"countryName": "Hungary",
		"currencyCode": "HUF",
		"population": "9982000",
		"capital": "Budapest",
		"continentName": "Europe",
		"continent": "EU",
		"areaInSqKm": "93030.0",
		"languages": "hu-HU",
		"geonameId": "719819"
	},
	{
		"countryCode": "ID",
		"countryName": "Indonesia",
		"currencyCode": "IDR",
		"population": "242968342",
		"capital": "Jakarta",
		"continentName": "Asia",
		"continent": "AS",
		"areaInSqKm": "1919440.0",
		"languages": "id,en,nl,jv",
		"geonameId": "1643084"
	},
	{
		"countryCode": "IE",
		"countryName": "Ireland",
		"currencyCode": "EUR",
		"population": "4622917",
		"capital": "Dublin",
		"continentName": "Europe",
		"continent": "EU",
		"areaInSqKm": "70280.0",
		"languages": "en-IE,ga-IE",
		"geonameId": "2963597"
	},
	{
		"countryCode": "IL",
		"countryName": "Israel",
		"currencyCode": "ILS",
		"population": "7353985",
		"capital": "",
		"continentName": "Asia",
		"continent": "AS",
		"areaInSqKm": "20770.0",
		"languages": "he,ar-IL,en-IL,",
		"geonameId": "294640"
	},
	{
		"countryCode": "IM",
		"countryName": "Isle of Man",
		"currencyCode": "GBP",
		"population": "75049",
		"capital": "Douglas",
		"continentName": "Europe",
		"continent": "EU",
		"areaInSqKm": "572.0",
		"languages": "en,gv",
		"geonameId": "3042225"
	},
	{
		"countryCode": "IN",
		"countryName": "India",
		"currencyCode": "INR",
		"population": "1173108018",
		"capital": "New Delhi",
		"continentName": "Asia",
		"continent": "AS",
		"areaInSqKm": "3287590.0",
		"languages": "en-IN,hi,bn,te,mr,ta,ur,gu,kn,ml,or,pa,as,bh,sat,ks,ne,sd,kok,doi,mni,sit,sa,fr,lus,inc",
		"geonameId": "1269750"
	},
	{
		"countryCode": "IO",
		"countryName": "British Indian Ocean Territory",
		"currencyCode": "USD",
		"population": "4000",
		"capital": "",
		"continentName": "Asia",
		"continent": "AS",
		"areaInSqKm": "60.0",
		"languages": "en-IO",
		"geonameId": "1282588"
	},
	{
		"countryCode": "IQ",
		"countryName": "Iraq",
		"currencyCode": "IQD",
		"population": "29671605",
		"capital": "Baghdad",
		"continentName": "Asia",
		"continent": "AS",
		"areaInSqKm": "437072.0",
		"languages": "ar-IQ,ku,hy",
		"geonameId": "99237"
	},
	{
		"countryCode": "IR",
		"countryName": "Iran",
		"currencyCode": "IRR",
		"population": "76923300",
		"capital": "Tehran",
		"continentName": "Asia",
		"continent": "AS",
		"areaInSqKm": "1648000.0",
		"languages": "fa-IR,ku",
		"geonameId": "130758"
	},
	{
		"countryCode": "IS",
		"countryName": "Iceland",
		"currencyCode": "ISK",
		"population": "308910",
		"capital": "Reykjavik",
		"continentName": "Europe",
		"continent": "EU",
		"areaInSqKm": "103000.0",
		"languages": "is,en,de,da,sv,no",
		"geonameId": "2629691"
	},
	{
		"countryCode": "IT",
		"countryName": "Italy",
		"currencyCode": "EUR",
		"population": "60340328",
		"capital": "Rome",
		"continentName": "Europe",
		"continent": "EU",
		"areaInSqKm": "301230.0",
		"languages": "it-IT,de-IT,fr-IT,sc,ca,co,sl",
		"geonameId": "3175395"
	},
	{
		"countryCode": "JE",
		"countryName": "Jersey",
		"currencyCode": "GBP",
		"population": "90812",
		"capital": "Saint Helier",
		"continentName": "Europe",
		"continent": "EU",
		"areaInSqKm": "116.0",
		"languages": "en,pt",
		"geonameId": "3042142"
	},
	{
		"countryCode": "JM",
		"countryName": "Jamaica",
		"currencyCode": "JMD",
		"population": "2847232",
		"capital": "Kingston",
		"continentName": "North America",
		"continent": "NA",
		"areaInSqKm": "10991.0",
		"languages": "en-JM",
		"geonameId": "3489940"
	},
	{
		"countryCode": "JO",
		"countryName": "Jordan",
		"currencyCode": "JOD",
		"population": "6407085",
		"capital": "Amman",
		"continentName": "Asia",
		"continent": "AS",
		"areaInSqKm": "92300.0",
		"languages": "ar-JO,en",
		"geonameId": "248816"
	},
	{
		"countryCode": "JP",
		"countryName": "Japan",
		"currencyCode": "JPY",
		"population": "127288000",
		"capital": "Tokyo",
		"continentName": "Asia",
		"continent": "AS",
		"areaInSqKm": "377835.0",
		"languages": "ja",
		"geonameId": "1861060"
	},
	{
		"countryCode": "KE",
		"countryName": "Kenya",
		"currencyCode": "KES",
		"population": "40046566",
		"capital": "Nairobi",
		"continentName": "Africa",
		"continent": "AF",
		"areaInSqKm": "582650.0",
		"languages": "en-KE,sw-KE",
		"geonameId": "192950"
	},
	{
		"countryCode": "KG",
		"countryName": "Kyrgyzstan",
		"currencyCode": "KGS",
		"population": "5776500",
		"capital": "Bishkek",
		"continentName": "Asia",
		"continent": "AS",
		"areaInSqKm": "198500.0",
		"languages": "ky,uz,ru",
		"geonameId": "1527747"
	},
	{
		"countryCode": "KH",
		"countryName": "Cambodia",
		"currencyCode": "KHR",
		"population": "14453680",
		"capital": "Phnom Penh",
		"continentName": "Asia",
		"continent": "AS",
		"areaInSqKm": "181040.0",
		"languages": "km,fr,en",
		"geonameId": "1831722"
	},
	{
		"countryCode": "KI",
		"countryName": "Kiribati",
		"currencyCode": "AUD",
		"population": "92533",
		"capital": "Tarawa",
		"continentName": "Oceania",
		"continent": "OC",
		"areaInSqKm": "811.0",
		"languages": "en-KI,gil",
		"geonameId": "4030945"
	},
	{
		"countryCode": "KM",
		"countryName": "Comoros",
		"currencyCode": "KMF",
		"population": "773407",
		"capital": "Moroni",
		"continentName": "Africa",
		"continent": "AF",
		"areaInSqKm": "2170.0",
		"languages": "ar,fr-KM",
		"geonameId": "921929"
	},
	{
		"countryCode": "KN",
		"countryName": "Saint Kitts and Nevis",
		"currencyCode": "XCD",
		"population": "51134",
		"capital": "Basseterre",
		"continentName": "North America",
		"continent": "NA",
		"areaInSqKm": "261.0",
		"languages": "en-KN",
		"geonameId": "3575174"
	},
	{
		"countryCode": "KP",
		"countryName": "North Korea",
		"currencyCode": "KPW",
		"population": "22912177",
		"capital": "Pyongyang",
		"continentName": "Asia",
		"continent": "AS",
		"areaInSqKm": "120540.0",
		"languages": "ko-KP",
		"geonameId": "1873107"
	},
	{
		"countryCode": "KR",
		"countryName": "South Korea",
		"currencyCode": "KRW",
		"population": "48422644",
		"capital": "Seoul",
		"continentName": "Asia",
		"continent": "AS",
		"areaInSqKm": "98480.0",
		"languages": "ko-KR,en",
		"geonameId": "1835841"
	},
	{
		"countryCode": "KW",
		"countryName": "Kuwait",
		"currencyCode": "KWD",
		"population": "2789132",
		"capital": "Kuwait City",
		"continentName": "Asia",
		"continent": "AS",
		"areaInSqKm": "17820.0",
		"languages": "ar-KW,en",
		"geonameId": "285570"
	},
	{
		"countryCode": "KY",
		"countryName": "Cayman Islands",
		"currencyCode": "KYD",
		"population": "44270",
		"capital": "George Town",
		"continentName": "North America",
		"continent": "NA",
		"areaInSqKm": "262.0",
		"languages": "en-KY",
		"geonameId": "3580718"
	},
	{
		"countryCode": "KZ",
		"countryName": "Kazakhstan",
		"currencyCode": "KZT",
		"population": "15340000",
		"capital": "Astana",
		"continentName": "Asia",
		"continent": "AS",
		"areaInSqKm": "2717300.0",
		"languages": "kk,ru",
		"geonameId": "1522867"
	},
	{
		"countryCode": "LA",
		"countryName": "Laos",
		"currencyCode": "LAK",
		"population": "6368162",
		"capital": "Vientiane",
		"continentName": "Asia",
		"continent": "AS",
		"areaInSqKm": "236800.0",
		"languages": "lo,fr,en",
		"geonameId": "1655842"
	},
	{
		"countryCode": "LB",
		"countryName": "Lebanon",
		"currencyCode": "LBP",
		"population": "4125247",
		"capital": "Beirut",
		"continentName": "Asia",
		"continent": "AS",
		"areaInSqKm": "10400.0",
		"languages": "ar-LB,fr-LB,en,hy",
		"geonameId": "272103"
	},
	{
		"countryCode": "LC",
		"countryName": "Saint Lucia",
		"currencyCode": "XCD",
		"population": "160922",
		"capital": "Castries",
		"continentName": "North America",
		"continent": "NA",
		"areaInSqKm": "616.0",
		"languages": "en-LC",
		"geonameId": "3576468"
	},
	{
		"countryCode": "LI",
		"countryName": "Liechtenstein",
		"currencyCode": "CHF",
		"population": "35000",
		"capital": "Vaduz",
		"continentName": "Europe",
		"continent": "EU",
		"areaInSqKm": "160.0",
		"languages": "de-LI",
		"geonameId": "3042058"
	},
	{
		"countryCode": "LK",
		"countryName": "Sri Lanka",
		"currencyCode": "LKR",
		"population": "21513990",
		"capital": "Colombo",
		"continentName": "Asia",
		"continent": "AS",
		"areaInSqKm": "65610.0",
		"languages": "si,ta,en",
		"geonameId": "1227603"
	},
	{
		"countryCode": "LR",
		"countryName": "Liberia",
		"currencyCode": "LRD",
		"population": "3685076",
		"capital": "Monrovia",
		"continentName": "Africa",
		"continent": "AF",
		"areaInSqKm": "111370.0",
		"languages": "en-LR",
		"geonameId": "2275384"
	},
	{
		"countryCode": "LS",
		"countryName": "Lesotho",
		"currencyCode": "LSL",
		"population": "1919552",
		"capital": "Maseru",
		"continentName": "Africa",
		"continent": "AF",
		"areaInSqKm": "30355.0",
		"languages": "en-LS,st,zu,xh",
		"geonameId": "932692"
	},
	{
		"countryCode": "LT",
		"countryName": "Lithuania",
		"currencyCode": "EUR",
		"population": "2944459",
		"capital": "Vilnius",
		"continentName": "Europe",
		"continent": "EU",
		"areaInSqKm": "65200.0",
		"languages": "lt,ru,pl",
		"geonameId": "597427"
	},
	{
		"countryCode": "LU",
		"countryName": "Luxembourg",
		"currencyCode": "EUR",
		"population": "497538",
		"capital": "Luxembourg",
		"continentName": "Europe",
		"continent": "EU",
		"areaInSqKm": "2586.0",
		"languages": "lb,de-LU,fr-LU",
		"geonameId": "2960313"
	},
	{
		"countryCode": "LV",
		"countryName": "Latvia",
		"currencyCode": "EUR",
		"population": "2217969",
		"capital": "Riga",
		"continentName": "Europe",
		"continent": "EU",
		"areaInSqKm": "64589.0",
		"languages": "lv,ru,lt",
		"geonameId": "458258"
	},
	{
		"countryCode": "LY",
		"countryName": "Libya",
		"currencyCode": "LYD",
		"population": "6461454",
		"capital": "Tripoli",
		"continentName": "Africa",
		"continent": "AF",
		"areaInSqKm": "1759540.0",
		"languages": "ar-LY,it,en",
		"geonameId": "2215636"
	},
	{
		"countryCode": "MA",
		"countryName": "Morocco",
		"currencyCode": "MAD",
		"population": "31627428",
		"capital": "Rabat",
		"continentName": "Africa",
		"continent": "AF",
		"areaInSqKm": "446550.0",
		"languages": "ar-MA,fr",
		"geonameId": "2542007"
	},
	{
		"countryCode": "MC",
		"countryName": "Monaco",
		"currencyCode": "EUR",
		"population": "32965",
		"capital": "Monaco",
		"continentName": "Europe",
		"continent": "EU",
		"areaInSqKm": "1.95",
		"languages": "fr-MC,en,it",
		"geonameId": "2993457"
	},
	{
		"countryCode": "MD",
		"countryName": "Moldova",
		"currencyCode": "MDL",
		"population": "4324000",
		"capital": "Chişinău",
		"continentName": "Europe",
		"continent": "EU",
		"areaInSqKm": "33843.0",
		"languages": "ro,ru,gag,tr",
		"geonameId": "617790"
	},
	{
		"countryCode": "ME",
		"countryName": "Montenegro",
		"currencyCode": "EUR",
		"population": "666730",
		"capital": "Podgorica",
		"continentName": "Europe",
		"continent": "EU",
		"areaInSqKm": "14026.0",
		"languages": "sr,hu,bs,sq,hr,rom",
		"geonameId": "3194884"
	},
	{
		"countryCode": "MF",
		"countryName": "Saint Martin",
		"currencyCode": "EUR",
		"population": "35925",
		"capital": "Marigot",
		"continentName": "North America",
		"continent": "NA",
		"areaInSqKm": "53.0",
		"languages": "fr",
		"geonameId": "3578421"
	},
	{
		"countryCode": "MG",
		"countryName": "Madagascar",
		"currencyCode": "MGA",
		"population": "21281844",
		"capital": "Antananarivo",
		"continentName": "Africa",
		"continent": "AF",
		"areaInSqKm": "587040.0",
		"languages": "fr-MG,mg",
		"geonameId": "1062947"
	},
	{
		"countryCode": "MH",
		"countryName": "Marshall Islands",
		"currencyCode": "USD",
		"population": "65859",
		"capital": "Majuro",
		"continentName": "Oceania",
		"continent": "OC",
		"areaInSqKm": "181.3",
		"languages": "mh,en-MH",
		"geonameId": "2080185"
	},
	{
		"countryCode": "MK",
		"countryName": "Macedonia",
		"currencyCode": "MKD",
		"population": "2062294",
		"capital": "Skopje",
		"continentName": "Europe",
		"continent": "EU",
		"areaInSqKm": "25333.0",
		"languages": "mk,sq,tr,rmm,sr",
		"geonameId": "718075"
	},
	{
		"countryCode": "ML",
		"countryName": "Mali",
		"currencyCode": "XOF",
		"population": "13796354",
		"capital": "Bamako",
		"continentName": "Africa",
		"continent": "AF",
		"areaInSqKm": "1240000.0",
		"languages": "fr-ML,bm",
		"geonameId": "2453866"
	},
	{
		"countryCode": "MM",
		"countryName": "Myanmar [Burma]",
		"currencyCode": "MMK",
		"population": "53414374",
		"capital": "Nay Pyi Taw",
		"continentName": "Asia",
		"continent": "AS",
		"areaInSqKm": "678500.0",
		"languages": "my",
		"geonameId": "1327865"
	},
	{
		"countryCode": "MN",
		"countryName": "Mongolia",
		"currencyCode": "MNT",
		"population": "3086918",
		"capital": "Ulan Bator",
		"continentName": "Asia",
		"continent": "AS",
		"areaInSqKm": "1565000.0",
		"languages": "mn,ru",
		"geonameId": "2029969"
	},
	{
		"countryCode": "MO",
		"countryName": "Macao",
		"currencyCode": "MOP",
		"population": "449198",
		"capital": "Macao",
		"continentName": "Asia",
		"continent": "AS",
		"areaInSqKm": "254.0",
		"languages": "zh,zh-MO,pt",
		"geonameId": "1821275"
	},
	{
		"countryCode": "MP",
		"countryName": "Northern Mariana Islands",
		"currencyCode": "USD",
		"population": "53883",
		"capital": "Saipan",
		"continentName": "Oceania",
		"continent": "OC",
		"areaInSqKm": "477.0",
		"languages": "fil,tl,zh,ch-MP,en-MP",
		"geonameId": "4041468"
	},
	{
		"countryCode": "MQ",
		"countryName": "Martinique",
		"currencyCode": "EUR",
		"population": "432900",
		"capital": "Fort-de-France",
		"continentName": "North America",
		"continent": "NA",
		"areaInSqKm": "1100.0",
		"languages": "fr-MQ",
		"geonameId": "3570311"
	},
	{
		"countryCode": "MR",
		"countryName": "Mauritania",
		"currencyCode": "MRO",
		"population": "3205060",
		"capital": "Nouakchott",
		"continentName": "Africa",
		"continent": "AF",
		"areaInSqKm": "1030700.0",
		"languages": "ar-MR,fuc,snk,fr,mey,wo",
		"geonameId": "2378080"
	},
	{
		"countryCode": "MS",
		"countryName": "Montserrat",
		"currencyCode": "XCD",
		"population": "9341",
		"capital": "Plymouth",
		"continentName": "North America",
		"continent": "NA",
		"areaInSqKm": "102.0",
		"languages": "en-MS",
		"geonameId": "3578097"
	},
	{
		"countryCode": "MT",
		"countryName": "Malta",
		"currencyCode": "EUR",
		"population": "403000",
		"capital": "Valletta",
		"continentName": "Europe",
		"continent": "EU",
		"areaInSqKm": "316.0",
		"languages": "mt,en-MT",
		"geonameId": "2562770"
	},
	{
		"countryCode": "MU",
		"countryName": "Mauritius",
		"currencyCode": "MUR",
		"population": "1294104",
		"capital": "Port Louis",
		"continentName": "Africa",
		"continent": "AF",
		"areaInSqKm": "2040.0",
		"languages": "en-MU,bho,fr",
		"geonameId": "934292"
	},
	{
		"countryCode": "MV",
		"countryName": "Maldives",
		"currencyCode": "MVR",
		"population": "395650",
		"capital": "Malé",
		"continentName": "Asia",
		"continent": "AS",
		"areaInSqKm": "300.0",
		"languages": "dv,en",
		"geonameId": "1282028"
	},
	{
		"countryCode": "MW",
		"countryName": "Malawi",
		"currencyCode": "MWK",
		"population": "15447500",
		"capital": "Lilongwe",
		"continentName": "Africa",
		"continent": "AF",
		"areaInSqKm": "118480.0",
		"languages": "ny,yao,tum,swk",
		"geonameId": "927384"
	},
	{
		"countryCode": "MX",
		"countryName": "Mexico",
		"currencyCode": "MXN",
		"population": "112468855",
		"capital": "Mexico City",
		"continentName": "North America",
		"continent": "NA",
		"areaInSqKm": "1972550.0",
		"languages": "es-MX",
		"geonameId": "3996063"
	},
	{
		"countryCode": "MY",
		"countryName": "Malaysia",
		"currencyCode": "MYR",
		"population": "28274729",
		"capital": "Kuala Lumpur",
		"continentName": "Asia",
		"continent": "AS",
		"areaInSqKm": "329750.0",
		"languages": "ms-MY,en,zh,ta,te,ml,pa,th",
		"geonameId": "1733045"
	},
	{
		"countryCode": "MZ",
		"countryName": "Mozambique",
		"currencyCode": "MZN",
		"population": "22061451",
		"capital": "Maputo",
		"continentName": "Africa",
		"continent": "AF",
		"areaInSqKm": "801590.0",
		"languages": "pt-MZ,vmw",
		"geonameId": "1036973"
	},
	{
		"countryCode": "NA",
		"countryName": "Namibia",
		"currencyCode": "NAD",
		"population": "2128471",
		"capital": "Windhoek",
		"continentName": "Africa",
		"continent": "AF",
		"areaInSqKm": "825418.0",
		"languages": "en-NA,af,de,hz,naq",
		"geonameId": "3355338"
	},
	{
		"countryCode": "NC",
		"countryName": "New Caledonia",
		"currencyCode": "XPF",
		"population": "216494",
		"capital": "Noumea",
		"continentName": "Oceania",
		"continent": "OC",
		"areaInSqKm": "19060.0",
		"languages": "fr-NC",
		"geonameId": "2139685"
	},
	{
		"countryCode": "NE",
		"countryName": "Niger",
		"currencyCode": "XOF",
		"population": "15878271",
		"capital": "Niamey",
		"continentName": "Africa",
		"continent": "AF",
		"areaInSqKm": "1267000.0",
		"languages": "fr-NE,ha,kr,dje",
		"geonameId": "2440476"
	},
	{
		"countryCode": "NF",
		"countryName": "Norfolk Island",
		"currencyCode": "AUD",
		"population": "1828",
		"capital": "Kingston",
		"continentName": "Oceania",
		"continent": "OC",
		"areaInSqKm": "34.6",
		"languages": "en-NF",
		"geonameId": "2155115"
	},
	{
		"countryCode": "NG",
		"countryName": "Nigeria",
		"currencyCode": "NGN",
		"population": "154000000",
		"capital": "Abuja",
		"continentName": "Africa",
		"continent": "AF",
		"areaInSqKm": "923768.0",
		"languages": "en-NG,ha,yo,ig,ff",
		"geonameId": "2328926"
	},
	{
		"countryCode": "NI",
		"countryName": "Nicaragua",
		"currencyCode": "NIO",
		"population": "5995928",
		"capital": "Managua",
		"continentName": "North America",
		"continent": "NA",
		"areaInSqKm": "129494.0",
		"languages": "es-NI,en",
		"geonameId": "3617476"
	},
	{
		"countryCode": "NL",
		"countryName": "Netherlands",
		"currencyCode": "EUR",
		"population": "16645000",
		"capital": "Amsterdam",
		"continentName": "Europe",
		"continent": "EU",
		"areaInSqKm": "41526.0",
		"languages": "nl-NL,fy-NL",
		"geonameId": "2750405"
	},
	{
		"countryCode": "NO",
		"countryName": "Norway",
		"currencyCode": "NOK",
		"population": "5009150",
		"capital": "Oslo",
		"continentName": "Europe",
		"continent": "EU",
		"areaInSqKm": "324220.0",
		"languages": "no,nb,nn,se,fi",
		"geonameId": "3144096"
	},
	{
		"countryCode": "NP",
		"countryName": "Nepal",
		"currencyCode": "NPR",
		"population": "28951852",
		"capital": "Kathmandu",
		"continentName": "Asia",
		"continent": "AS",
		"areaInSqKm": "140800.0",
		"languages": "ne,en",
		"geonameId": "1282988"
	},
	{
		"countryCode": "NR",
		"countryName": "Nauru",
		"currencyCode": "AUD",
		"population": "10065",
		"capital": "",
		"continentName": "Oceania",
		"continent": "OC",
		"areaInSqKm": "21.0",
		"languages": "na,en-NR",
		"geonameId": "2110425"
	},
	{
		"countryCode": "NU",
		"countryName": "Niue",
		"currencyCode": "NZD",
		"population": "2166",
		"capital": "Alofi",
		"continentName": "Oceania",
		"continent": "OC",
		"areaInSqKm": "260.0",
		"languages": "niu,en-NU",
		"geonameId": "4036232"
	},
	{
		"countryCode": "NZ",
		"countryName": "New Zealand",
		"currencyCode": "NZD",
		"population": "4252277",
		"capital": "Wellington",
		"continentName": "Oceania",
		"continent": "OC",
		"areaInSqKm": "268680.0",
		"languages": "en-NZ,mi",
		"geonameId": "2186224"
	},
	{
		"countryCode": "OM",
		"countryName": "Oman",
		"currencyCode": "OMR",
		"population": "2967717",
		"capital": "Muscat",
		"continentName": "Asia",
		"continent": "AS",
		"areaInSqKm": "212460.0",
		"languages": "ar-OM,en,bal,ur",
		"geonameId": "286963"
	},
	{
		"countryCode": "PA",
		"countryName": "Panama",
		"currencyCode": "PAB",
		"population": "3410676",
		"capital": "Panama City",
		"continentName": "North America",
		"continent": "NA",
		"areaInSqKm": "78200.0",
		"languages": "es-PA,en",
		"geonameId": "3703430"
	},
	{
		"countryCode": "PE",
		"countryName": "Peru",
		"currencyCode": "PEN",
		"population": "29907003",
		"capital": "Lima",
		"continentName": "South America",
		"continent": "SA",
		"areaInSqKm": "1285220.0",
		"languages": "es-PE,qu,ay",
		"geonameId": "3932488"
	},
	{
		"countryCode": "PF",
		"countryName": "French Polynesia",
		"currencyCode": "XPF",
		"population": "270485",
		"capital": "Papeete",
		"continentName": "Oceania",
		"continent": "OC",
		"areaInSqKm": "4167.0",
		"languages": "fr-PF,ty",
		"geonameId": "4030656"
	},
	{
		"countryCode": "PG",
		"countryName": "Papua New Guinea",
		"currencyCode": "PGK",
		"population": "6064515",
		"capital": "Port Moresby",
		"continentName": "Oceania",
		"continent": "OC",
		"areaInSqKm": "462840.0",
		"languages": "en-PG,ho,meu,tpi",
		"geonameId": "2088628"
	},
	{
		"countryCode": "PH",
		"countryName": "Philippines",
		"currencyCode": "PHP",
		"population": "99900177",
		"capital": "Manila",
		"continentName": "Asia",
		"continent": "AS",
		"areaInSqKm": "300000.0",
		"languages": "tl,en-PH,fil",
		"geonameId": "1694008"
	},
	{
		"countryCode": "PK",
		"countryName": "Pakistan",
		"currencyCode": "PKR",
		"population": "184404791",
		"capital": "Islamabad",
		"continentName": "Asia",
		"continent": "AS",
		"areaInSqKm": "803940.0",
		"languages": "ur-PK,en-PK,pa,sd,ps,brh",
		"geonameId": "1168579"
	},
	{
		"countryCode": "PL",
		"countryName": "Poland",
		"currencyCode": "PLN",
		"population": "38500000",
		"capital": "Warsaw",
		"continentName": "Europe",
		"continent": "EU",
		"areaInSqKm": "312685.0",
		"languages": "pl",
		"geonameId": "798544"
	},
	{
		"countryCode": "PM",
		"countryName": "Saint Pierre and Miquelon",
		"currencyCode": "EUR",
		"population": "7012",
		"capital": "Saint-Pierre",
		"continentName": "North America",
		"continent": "NA",
		"areaInSqKm": "242.0",
		"languages": "fr-PM",
		"geonameId": "3424932"
	},
	{
		"countryCode": "PN",
		"countryName": "Pitcairn Islands",
		"currencyCode": "NZD",
		"population": "46",
		"capital": "Adamstown",
		"continentName": "Oceania",
		"continent": "OC",
		"areaInSqKm": "47.0",
		"languages": "en-PN",
		"geonameId": "4030699"
	},
	{
		"countryCode": "PR",
		"countryName": "Puerto Rico",
		"currencyCode": "USD",
		"population": "3916632",
		"capital": "San Juan",
		"continentName": "North America",
		"continent": "NA",
		"areaInSqKm": "9104.0",
		"languages": "en-PR,es-PR",
		"geonameId": "4566966"
	},
	{
		"countryCode": "PT",
		"countryName": "Portugal",
		"currencyCode": "EUR",
		"population": "10676000",
		"capital": "Lisbon",
		"continentName": "Europe",
		"continent": "EU",
		"areaInSqKm": "92391.0",
		"languages": "pt-PT,mwl",
		"geonameId": "2264397"
	},
	{
		"countryCode": "PW",
		"countryName": "Palau",
		"currencyCode": "USD",
		"population": "19907",
		"capital": "Melekeok - Palau State Capital",
		"continentName": "Oceania",
		"continent": "OC",
		"areaInSqKm": "458.0",
		"languages": "pau,sov,en-PW,tox,ja,fil,zh",
		"geonameId": "1559582"
	},
	{
		"countryCode": "PY",
		"countryName": "Paraguay",
		"currencyCode": "PYG",
		"population": "6375830",
		"capital": "Asunción",
		"continentName": "South America",
		"continent": "SA",
		"areaInSqKm": "406750.0",
		"languages": "es-PY,gn",
		"geonameId": "3437598"
	},
	{
		"countryCode": "QA",
		"countryName": "Qatar",
		"currencyCode": "QAR",
		"population": "840926",
		"capital": "Doha",
		"continentName": "Asia",
		"continent": "AS",
		"areaInSqKm": "11437.0",
		"languages": "ar-QA,es",
		"geonameId": "289688"
	},
	{
		"countryCode": "RE",
		"countryName": "Réunion",
		"currencyCode": "EUR",
		"population": "776948",
		"capital": "Saint-Denis",
		"continentName": "Africa",
		"continent": "AF",
		"areaInSqKm": "2517.0",
		"languages": "fr-RE",
		"geonameId": "935317"
	},
	{
		"countryCode": "RO",
		"countryName": "Romania",
		"currencyCode": "RON",
		"population": "21959278",
		"capital": "Bucharest",
		"continentName": "Europe",
		"continent": "EU",
		"areaInSqKm": "237500.0",
		"languages": "ro,hu,rom",
		"geonameId": "798549"
	},
	{
		"countryCode": "RS",
		"countryName": "Serbia",
		"currencyCode": "RSD",
		"population": "7344847",
		"capital": "Belgrade",
		"continentName": "Europe",
		"continent": "EU",
		"areaInSqKm": "88361.0",
		"languages": "sr,hu,bs,rom",
		"geonameId": "6290252"
	},
	{
		"countryCode": "RU",
		"countryName": "Russia",
		"currencyCode": "RUB",
		"population": "140702000",
		"capital": "Moscow",
		"continentName": "Europe",
		"continent": "EU",
		"areaInSqKm": "1.71E7",
		"languages": "ru,tt,xal,cau,ady,kv,ce,tyv,cv,udm,tut,mns,bua,myv,mdf,chm,ba,inh,tut,kbd,krc,ava,sah,nog",
		"geonameId": "2017370"
	},
	{
		"countryCode": "RW",
		"countryName": "Rwanda",
		"currencyCode": "RWF",
		"population": "11055976",
		"capital": "Kigali",
		"continentName": "Africa",
		"continent": "AF",
		"areaInSqKm": "26338.0",
		"languages": "rw,en-RW,fr-RW,sw",
		"geonameId": "49518"
	},
	{
		"countryCode": "SA",
		"countryName": "Saudi Arabia",
		"currencyCode": "SAR",
		"population": "25731776",
		"capital": "Riyadh",
		"continentName": "Asia",
		"continent": "AS",
		"areaInSqKm": "1960582.0",
		"languages": "ar-SA",
		"geonameId": "102358"
	},
	{
		"countryCode": "SB",
		"countryName": "Solomon Islands",
		"currencyCode": "SBD",
		"population": "559198",
		"capital": "Honiara",
		"continentName": "Oceania",
		"continent": "OC",
		"areaInSqKm": "28450.0",
		"languages": "en-SB,tpi",
		"geonameId": "2103350"
	},
	{
		"countryCode": "SC",
		"countryName": "Seychelles",
		"currencyCode": "SCR",
		"population": "88340",
		"capital": "Victoria",
		"continentName": "Africa",
		"continent": "AF",
		"areaInSqKm": "455.0",
		"languages": "en-SC,fr-SC",
		"geonameId": "241170"
	},
	{
		"countryCode": "SD",
		"countryName": "Sudan",
		"currencyCode": "SDG",
		"population": "35000000",
		"capital": "Khartoum",
		"continentName": "Africa",
		"continent": "AF",
		"areaInSqKm": "1861484.0",
		"languages": "ar-SD,en,fia",
		"geonameId": "366755"
	},
	{
		"countryCode": "SE",
		"countryName": "Sweden",
		"currencyCode": "SEK",
		"population": "9555893",
		"capital": "Stockholm",
		"continentName": "Europe",
		"continent": "EU",
		"areaInSqKm": "449964.0",
		"languages": "sv-SE,se,sma,fi-SE",
		"geonameId": "2661886"
	},
	{
		"countryCode": "SG",
		"countryName": "Singapore",
		"currencyCode": "SGD",
		"population": "4701069",
		"capital": "Singapore",
		"continentName": "Asia",
		"continent": "AS",
		"areaInSqKm": "692.7",
		"languages": "cmn,en-SG,ms-SG,ta-SG,zh-SG",
		"geonameId": "1880251"
	},
	{
		"countryCode": "SH",
		"countryName": "Saint Helena",
		"currencyCode": "SHP",
		"population": "7460",
		"capital": "Jamestown",
		"continentName": "Africa",
		"continent": "AF",
		"areaInSqKm": "410.0",
		"languages": "en-SH",
		"geonameId": "3370751"
	},
	{
		"countryCode": "SI",
		"countryName": "Slovenia",
		"currencyCode": "EUR",
		"population": "2007000",
		"capital": "Ljubljana",
		"continentName": "Europe",
		"continent": "EU",
		"areaInSqKm": "20273.0",
		"languages": "sl,sh",
		"geonameId": "3190538"
	},
	{
		"countryCode": "SJ",
		"countryName": "Svalbard and Jan Mayen",
		"currencyCode": "NOK",
		"population": "2550",
		"capital": "Longyearbyen",
		"continentName": "Europe",
		"continent": "EU",
		"areaInSqKm": "62049.0",
		"languages": "no,ru",
		"geonameId": "607072"
	},
	{
		"countryCode": "SK",
		"countryName": "Slovakia",
		"currencyCode": "EUR",
		"population": "5455000",
		"capital": "Bratislava",
		"continentName": "Europe",
		"continent": "EU",
		"areaInSqKm": "48845.0",
		"languages": "sk,hu",
		"geonameId": "3057568"
	},
	{
		"countryCode": "SL",
		"countryName": "Sierra Leone",
		"currencyCode": "SLL",
		"population": "5245695",
		"capital": "Freetown",
		"continentName": "Africa",
		"continent": "AF",
		"areaInSqKm": "71740.0",
		"languages": "en-SL,men,tem",
		"geonameId": "2403846"
	},
	{
		"countryCode": "SM",
		"countryName": "San Marino",
		"currencyCode": "EUR",
		"population": "31477",
		"capital": "San Marino",
		"continentName": "Europe",
		"continent": "EU",
		"areaInSqKm": "61.2",
		"languages": "it-SM",
		"geonameId": "3168068"
	},
	{
		"countryCode": "SN",
		"countryName": "Senegal",
		"currencyCode": "XOF",
		"population": "12323252",
		"capital": "Dakar",
		"continentName": "Africa",
		"continent": "AF",
		"areaInSqKm": "196190.0",
		"languages": "fr-SN,wo,fuc,mnk",
		"geonameId": "2245662"
	},
	{
		"countryCode": "SO",
		"countryName": "Somalia",
		"currencyCode": "SOS",
		"population": "10112453",
		"capital": "Mogadishu",
		"continentName": "Africa",
		"continent": "AF",
		"areaInSqKm": "637657.0",
		"languages": "so-SO,ar-SO,it,en-SO",
		"geonameId": "51537"
	},
	{
		"countryCode": "SR",
		"countryName": "Suriname",
		"currencyCode": "SRD",
		"population": "492829",
		"capital": "Paramaribo",
		"continentName": "South America",
		"continent": "SA",
		"areaInSqKm": "163270.0",
		"languages": "nl-SR,en,srn,hns,jv",
		"geonameId": "3382998"
	},
	{
		"countryCode": "SS",
		"countryName": "South Sudan",
		"currencyCode": "SSP",
		"population": "8260490",
		"capital": "Juba",
		"continentName": "Africa",
		"continent": "AF",
		"areaInSqKm": "644329.0",
		"languages": "en",
		"geonameId": "7909807"
	},
	{
		"countryCode": "ST",
		"countryName": "São Tomé and Príncipe",
		"currencyCode": "STD",
		"population": "175808",
		"capital": "São Tomé",
		"continentName": "Africa",
		"continent": "AF",
		"areaInSqKm": "1001.0",
		"languages": "pt-ST",
		"geonameId": "2410758"
	},
	{
		"countryCode": "SV",
		"countryName": "El Salvador",
		"currencyCode": "USD",
		"population": "6052064",
		"capital": "San Salvador",
		"continentName": "North America",
		"continent": "NA",
		"areaInSqKm": "21040.0",
		"languages": "es-SV",
		"geonameId": "3585968"
	},
	{
		"countryCode": "SX",
		"countryName": "Sint Maarten",
		"currencyCode": "ANG",
		"population": "37429",
		"capital": "Philipsburg",
		"continentName": "North America",
		"continent": "NA",
		"areaInSqKm": "21.0",
		"languages": "nl,en",
		"geonameId": "7609695"
	},
	{
		"countryCode": "SY",
		"countryName": "Syria",
		"currencyCode": "SYP",
		"population": "22198110",
		"capital": "Damascus",
		"continentName": "Asia",
		"continent": "AS",
		"areaInSqKm": "185180.0",
		"languages": "ar-SY,ku,hy,arc,fr,en",
		"geonameId": "163843"
	},
	{
		"countryCode": "SZ",
		"countryName": "Swaziland",
		"currencyCode": "SZL",
		"population": "1354051",
		"capital": "Mbabane",
		"continentName": "Africa",
		"continent": "AF",
		"areaInSqKm": "17363.0",
		"languages": "en-SZ,ss-SZ",
		"geonameId": "934841"
	},
	{
		"countryCode": "TC",
		"countryName": "Turks and Caicos Islands",
		"currencyCode": "USD",
		"population": "20556",
		"capital": "Cockburn Town",
		"continentName": "North America",
		"continent": "NA",
		"areaInSqKm": "430.0",
		"languages": "en-TC",
		"geonameId": "3576916"
	},
	{
		"countryCode": "TD",
		"countryName": "Chad",
		"currencyCode": "XAF",
		"population": "10543464",
		"capital": "N'Djamena",
		"continentName": "Africa",
		"continent": "AF",
		"areaInSqKm": "1284000.0",
		"languages": "fr-TD,ar-TD,sre",
		"geonameId": "2434508"
	},
	{
		"countryCode": "TF",
		"countryName": "French Southern Territories",
		"currencyCode": "EUR",
		"population": "140",
		"capital": "Port-aux-Français",
		"continentName": "Antarctica",
		"continent": "AN",
		"areaInSqKm": "7829.0",
		"languages": "fr",
		"geonameId": "1546748"
	},
	{
		"countryCode": "TG",
		"countryName": "Togo",
		"currencyCode": "XOF",
		"population": "6587239",
		"capital": "Lomé",
		"continentName": "Africa",
		"continent": "AF",
		"areaInSqKm": "56785.0",
		"languages": "fr-TG,ee,hna,kbp,dag,ha",
		"geonameId": "2363686"
	},
	{
		"countryCode": "TH",
		"countryName": "Thailand",
		"currencyCode": "THB",
		"population": "67089500",
		"capital": "Bangkok",
		"continentName": "Asia",
		"continent": "AS",
		"areaInSqKm": "514000.0",
		"languages": "th,en",
		"geonameId": "1605651"
	},
	{
		"countryCode": "TJ",
		"countryName": "Tajikistan",
		"currencyCode": "TJS",
		"population": "7487489",
		"capital": "Dushanbe",
		"continentName": "Asia",
		"continent": "AS",
		"areaInSqKm": "143100.0",
		"languages": "tg,ru",
		"geonameId": "1220409"
	},
	{
		"countryCode": "TK",
		"countryName": "Tokelau",
		"currencyCode": "NZD",
		"population": "1466",
		"capital": "",
		"continentName": "Oceania",
		"continent": "OC",
		"areaInSqKm": "10.0",
		"languages": "tkl,en-TK",
		"geonameId": "4031074"
	},
	{
		"countryCode": "TL",
		"countryName": "East Timor",
		"currencyCode": "USD",
		"population": "1154625",
		"capital": "Dili",
		"continentName": "Oceania",
		"continent": "OC",
		"areaInSqKm": "15007.0",
		"languages": "tet,pt-TL,id,en",
		"geonameId": "1966436"
	},
	{
		"countryCode": "TM",
		"countryName": "Turkmenistan",
		"currencyCode": "TMT",
		"population": "4940916",
		"capital": "Ashgabat",
		"continentName": "Asia",
		"continent": "AS",
		"areaInSqKm": "488100.0",
		"languages": "tk,ru,uz",
		"geonameId": "1218197"
	},
	{
		"countryCode": "TN",
		"countryName": "Tunisia",
		"currencyCode": "TND",
		"population": "10589025",
		"capital": "Tunis",
		"continentName": "Africa",
		"continent": "AF",
		"areaInSqKm": "163610.0",
		"languages": "ar-TN,fr",
		"geonameId": "2464461"
	},
	{
		"countryCode": "TO",
		"countryName": "Tonga",
		"currencyCode": "TOP",
		"population": "122580",
		"capital": "Nuku'alofa",
		"continentName": "Oceania",
		"continent": "OC",
		"areaInSqKm": "748.0",
		"languages": "to,en-TO",
		"geonameId": "4032283"
	},
	{
		"countryCode": "TR",
		"countryName": "Turkey",
		"currencyCode": "TRY",
		"population": "77804122",
		"capital": "Ankara",
		"continentName": "Asia",
		"continent": "AS",
		"areaInSqKm": "780580.0",
		"languages": "tr-TR,ku,diq,az,av",
		"geonameId": "298795"
	},
	{
		"countryCode": "TT",
		"countryName": "Trinidad and Tobago",
		"currencyCode": "TTD",
		"population": "1228691",
		"capital": "Port of Spain",
		"continentName": "North America",
		"continent": "NA",
		"areaInSqKm": "5128.0",
		"languages": "en-TT,hns,fr,es,zh",
		"geonameId": "3573591"
	},
	{
		"countryCode": "TV",
		"countryName": "Tuvalu",
		"currencyCode": "AUD",
		"population": "10472",
		"capital": "Funafuti",
		"continentName": "Oceania",
		"continent": "OC",
		"areaInSqKm": "26.0",
		"languages": "tvl,en,sm,gil",
		"geonameId": "2110297"
	},
	{
		"countryCode": "TZ",
		"countryName": "Tanzania",
		"currencyCode": "TZS",
		"population": "41892895",
		"capital": "Dodoma",
		"continentName": "Africa",
		"continent": "AF",
		"areaInSqKm": "945087.0",
		"languages": "sw-TZ,en,ar",
		"geonameId": "149590"
	},
	{
		"countryCode": "UA",
		"countryName": "Ukraine",
		"currencyCode": "UAH",
		"population": "45415596",
		"capital": "Kyiv",
		"continentName": "Europe",
		"continent": "EU",
		"areaInSqKm": "603700.0",
		"languages": "uk,ru-UA,rom,pl,hu",
		"geonameId": "690791"
	},
	{
		"countryCode": "UG",
		"countryName": "Uganda",
		"currencyCode": "UGX",
		"population": "33398682",
		"capital": "Kampala",
		"continentName": "Africa",
		"continent": "AF",
		"areaInSqKm": "236040.0",
		"languages": "en-UG,lg,sw,ar",
		"geonameId": "226074"
	},
	{
		"countryCode": "UM",
		"countryName": "U.S. Minor Outlying Islands",
		"currencyCode": "USD",
		"population": "0",
		"capital": "",
		"continentName": "Oceania",
		"continent": "OC",
		"areaInSqKm": "0.0",
		"languages": "en-UM",
		"geonameId": "5854968"
	},
	{
		"countryCode": "US",
		"countryName": "United States",
		"currencyCode": "USD",
		"population": "310232863",
		"capital": "Washington",
		"continentName": "North America",
		"continent": "NA",
		"areaInSqKm": "9629091.0",
		"languages": "en-US,es-US,haw,fr",
		"geonameId": "6252001"
	},
	{
		"countryCode": "UY",
		"countryName": "Uruguay",
		"currencyCode": "UYU",
		"population": "3477000",
		"capital": "Montevideo",
		"continentName": "South America",
		"continent": "SA",
		"areaInSqKm": "176220.0",
		"languages": "es-UY",
		"geonameId": "3439705"
	},
	{
		"countryCode": "UZ",
		"countryName": "Uzbekistan",
		"currencyCode": "UZS",
		"population": "27865738",
		"capital": "Tashkent",
		"continentName": "Asia",
		"continent": "AS",
		"areaInSqKm": "447400.0",
		"languages": "uz,ru,tg",
		"geonameId": "1512440"
	},
	{
		"countryCode": "VA",
		"countryName": "Vatican City",
		"currencyCode": "EUR",
		"population": "921",
		"capital": "Vatican",
		"continentName": "Europe",
		"continent": "EU",
		"areaInSqKm": "0.44",
		"languages": "la,it,fr",
		"geonameId": "3164670"
	},
	{
		"countryCode": "VC",
		"countryName": "Saint Vincent and the Grenadines",
		"currencyCode": "XCD",
		"population": "104217",
		"capital": "Kingstown",
		"continentName": "North America",
		"continent": "NA",
		"areaInSqKm": "389.0",
		"languages": "en-VC,fr",
		"geonameId": "3577815"
	},
	{
		"countryCode": "VE",
		"countryName": "Venezuela",
		"currencyCode": "VEF",
		"population": "27223228",
		"capital": "Caracas",
		"continentName": "South America",
		"continent": "SA",
		"areaInSqKm": "912050.0",
		"languages": "es-VE",
		"geonameId": "3625428"
	},
	{
		"countryCode": "VG",
		"countryName": "British Virgin Islands",
		"currencyCode": "USD",
		"population": "21730",
		"capital": "Road Town",
		"continentName": "North America",
		"continent": "NA",
		"areaInSqKm": "153.0",
		"languages": "en-VG",
		"geonameId": "3577718"
	},
	{
		"countryCode": "VI",
		"countryName": "U.S. Virgin Islands",
		"currencyCode": "USD",
		"population": "108708",
		"capital": "Charlotte Amalie",
		"continentName": "North America",
		"continent": "NA",
		"areaInSqKm": "352.0",
		"languages": "en-VI",
		"geonameId": "4796775"
	},
	{
		"countryCode": "VN",
		"countryName": "Vietnam",
		"currencyCode": "VND",
		"population": "89571130",
		"capital": "Hanoi",
		"continentName": "Asia",
		"continent": "AS",
		"areaInSqKm": "329560.0",
		"languages": "vi,en,fr,zh,km",
		"geonameId": "1562822"
	},
	{
		"countryCode": "VU",
		"countryName": "Vanuatu",
		"currencyCode": "VUV",
		"population": "221552",
		"capital": "Port Vila",
		"continentName": "Oceania",
		"continent": "OC",
		"areaInSqKm": "12200.0",
		"languages": "bi,en-VU,fr-VU",
		"geonameId": "2134431"
	},
	{
		"countryCode": "WF",
		"countryName": "Wallis and Futuna",
		"currencyCode": "XPF",
		"population": "16025",
		"capital": "Mata-Utu",
		"continentName": "Oceania",
		"continent": "OC",
		"areaInSqKm": "274.0",
		"languages": "wls,fud,fr-WF",
		"geonameId": "4034749"
	},
	{
		"countryCode": "WS",
		"countryName": "Samoa",
		"currencyCode": "WST",
		"population": "192001",
		"capital": "Apia",
		"continentName": "Oceania",
		"continent": "OC",
		"areaInSqKm": "2944.0",
		"languages": "sm,en-WS",
		"geonameId": "4034894"
	},
	{
		"countryCode": "XK",
		"countryName": "Kosovo",
		"currencyCode": "EUR",
		"population": "1800000",
		"capital": "Pristina",
		"continentName": "Europe",
		"continent": "EU",
		"areaInSqKm": "10908.0",
		"languages": "sq,sr",
		"geonameId": "831053"
	},
	{
		"countryCode": "YE",
		"countryName": "Yemen",
		"currencyCode": "YER",
		"population": "23495361",
		"capital": "Sanaa",
		"continentName": "Asia",
		"continent": "AS",
		"areaInSqKm": "527970.0",
		"languages": "ar-YE",
		"geonameId": "69543"
	},
	{
		"countryCode": "YT",
		"countryName": "Mayotte",
		"currencyCode": "EUR",
		"population": "159042",
		"capital": "Mamoutzou",
		"continentName": "Africa",
		"continent": "AF",
		"areaInSqKm": "374.0",
		"languages": "fr-YT",
		"geonameId": "1024031"
	},
	{
		"countryCode": "ZA",
		"countryName": "South Africa",
		"currencyCode": "ZAR",
		"population": "49000000",
		"capital": "Pretoria",
		"continentName": "Africa",
		"continent": "AF",
		"areaInSqKm": "1219912.0",
		"languages": "zu,xh,af,nso,en-ZA,tn,st,ts,ss,ve,nr",
		"geonameId": "953987"
	},
	{
		"countryCode": "ZM",
		"countryName": "Zambia",
		"currencyCode": "ZMW",
		"population": "13460305",
		"capital": "Lusaka",
		"continentName": "Africa",
		"continent": "AF",
		"areaInSqKm": "752614.0",
		"languages": "en-ZM,bem,loz,lun,lue,ny,toi",
		"geonameId": "895949"
	},
	{
		"countryCode": "ZW",
		"countryName": "Zimbabwe",
		"currencyCode": "ZWL",
		"population": "11651858",
		"capital": "Harare",
		"continentName": "Africa",
		"continent": "AF",
		"areaInSqKm": "390580.0",
		"languages": "en-ZW,sn,nr,nd",
		"geonameId": "878675"
	}
]
